Acyuta Priya Das,https://a108.net/uploads/img/Achyuta_Priya_das.jpg,"Member of the ISKCON Ukraine Marriage Board for 25 years. Active in PR connections for media, government, interreligious dialogue. At present extensively ... Acyuta Pranapriya Devi Dasi. 9080 likes · 833 talking about this. ""In this life I must fulfill my mission of Kṛṣṇa consciousness. This is my endeavor.“ A short biography of Acyuta Priya Das This is a ongoing Playlist that will be added to everyday of biographies of initiating gurus in ISKCON ..."
Advaita Acharya Das,https://i.ytimg.com/vi/p4cspb7Cb1s/hq720.jpg?sqp=-oaymwEhCK4FEIIDSFryq4qpAxMIARUAAAAAGAElAADIQj0AgKJD&rs=AOn4CLBbWK69f-Kf_ReSmV1MRFqo9XpiWA,"My beloved husband, the British devotee His Grace Adwaita Acharya Das (Alan Hole), departed on July 9th. My husband joined the movement in ... Advaita Acharya (IAST: Advaita Ācārya; 1434–1559) was a companion of the founder of the Gaudiya Vaishnava movement, Chaitanya Mahaprabhu, ... Sri Advaita Acharya was born in 1434 in Nabagram, Bengal to Sri Kubera Pandit and Srimati Nabha devi. They were originally inhabitants of Nabagram village near ..."
Adikarta Das,https://i.ytimg.com/vi/iEUA8bSj4rk/mqdefault.jpg,"Work ; ISKCON Ghaziabad. 13 years, 3 months ; President. Nov 17, 2017 - Present · 8 years, 4 months ; General Manager. 2013 - 2017 · 4 years ... ✨Join the divine wave of devotion!✨ ISKCON Ghaziabad invites you for the Harinam Maha Nagar Sankirtan – 8th to 11th Sept. Let's fill the streets with the ... His Grace Adi Karta das (Click Here to Select a Video). ISKCON London Radha-Krishna Temple. Playlist•12 videos•82 views."
Asita Krishna Swami,https://asitakrishnaswami.com/wp-content/uploads/elementor/thumbs/WhatsApp-Image-2023-09-06-at-9.02.20-AM-1-qdjb7ov66mnk2l3ib8y6q7rcegullaah9gb9pxo9hk.jpeg,"Asita Krishna Swami is a Gaudiya Vaishnava sannyasi, initiating spiritual master and leader of the International Society for Krishna Consciousness (ISKCON). His Holiness Asita Krishna Swami is a Gaudiya Vaishnava sannyasi, initiating spiritual master and leader of the International Society for Krishna Consciousness. His Holiness Asita Krishna Swami is a Gaudiya Vaishnava sannyasi, initiating spiritual master and leader of the International Society for Krishna ..."
Atmanivedana Swami,https://i.ytimg.com/vi/TdRpSnMbIWg/hq720.jpg?sqp=-oaymwEXCK4FEIIDSFryq4qpAwkIARUAAIhCGAE=&rs=AOn4CLBoBUKKbzhigjfVfoSChgDRI5ATnA,"His Holiness Atmanivedana Swami preaches mostly in UK and Indonesia. Maharaja was born in Mozambique, of Gujarati origin. He joined ISKCON in 1979 at the age of ... Atmanivedana Swami has been an initiating guru in ISKCON since 2013 and is presently involved in a project in Narsingapur District MP, India. His Holiness Atmanivedana Swami preaches mostly in UK and Indonesia. Maharaja was born in Mozambique, of Gujarati origin. He joined ISKCON in 1979."
Bhakti Ananda Haridas Goswami,https://lookaside.fbsbx.com/lookaside/crawler/media/?media_id=100069921757783,"His Holiness Bhakti Ananda Haridas Goswami Maharaj's first initiation program was held on 10/07/2025, Guru Purnima , in ISKCON Manipur Temple. Bhakti Ananda Haridas Goswami (BAHG) BSDS; Bhakti Anugraha Janardana Swami GKG (BAJS); Bhakti Asraya Vaisnava Swami GKG (BAVS); Bhaktivaibhava Swami (BVS) ... Bhakti Ananda Hari das Goswami A New Sannyasi in ISKCON – HH Bhakti Ananda Hari das Goswami By Nila Kamal das On March 8, 2017, on the ..."
Bhakti Anugraha Janardana Swami,https://lookaside.instagram.com/seo/google_widget/crawler/?media_id=3227142214218063470,"The official website of His Holiness Bhakti Anugraha Janardana Swami - ISKCON spiritual leader, teacher, and guide on the path of bhakti-yoga. We're honored to announce that His Holiness Janardana Swami will be joining us for ISKCON Boston's 60th Anniversary Celebration of Srila Prabhupada's ... Bhakti Anugraha Janardana Swami. 6615 likes · 123 ... Bhakti Anugraha Janardana Swami is traveling to Iskcon vrindavan with Apol Cabello and 4 others."
Bhakti Asraya Vaisnava Swami,https://lookaside.fbsbx.com/lookaside/crawler/media/?media_id=100068794773136,"Living life through scriptures · HH Bhakti Ashraya Vaisnava Swami, appeared in the year 1961. He came in contact with teaching of His Divine Grace A.C. ... This is the official YouTube channel of HH Bhakti Ashraya Vaisnava Swami, managed by BHAV Media. ...more. This is the official YouTube channel of HH Bhakti ... HH Bhakti Ashraya Vaishnava Swami, appeared in the year 1961. He came in contact with ISKCON in 1984 and joined as a full time devotee in 1985 in vrindavan."
Bhaktivaibhava Swami,https://iskconsannyasa.com/public/admin/SannyasaMinistry/6051690619370.jpg,"Bhaktivaibhava Swami finished his studies and joined the Hare Krishna movement in 1970. The following year he was initiated by Srila Prabhupada. BTP has continually highlighted how the IRM is winning the philosophical war, with one ISKCON leader after another being persuaded to adopt our position. HH Bhaktivaibhava Swami recently suffered a stroke. He is currently under the care of doctors at a hospital in Kolkata."
Bhakti Bhagavatamrita Kesava Swami,"https://static.wixstatic.com/media/406c69_c2a8f1498ee040719dcbfc7c0707f5be~mv2.jpg/v1/crop/x_0,y_108,w_1360,h_1359/fill/w_280,h_280,al_c,q_80,usm_0.66_1.00_0.01,enc_avif,quality_auto/10549023_252146194992260_215097959606041.jpg","Bhakti Bhagavatamrita Keshava Swami joined ISKCON in 1990 in Rostov-on-Don in South Russia. At that time, he was a student in his. last year of study. Welcome to the official website of His Holiness S.B. Keshava Swami, a teacher, author and traveler - inspired to share wisdom that breathes. His Holiness Svayam Bhagavan Keshava Swami (previously known as Sutapa Das) is a spiritual author, community mentor, dynamic teacher and worldwide traveler."
Bhakti Bhrnga Govinda Swami,https://i1.sndcdn.com/artworks-000107790279-des9co-t500x500.jpg,"Bhakti Bhringa Govinda Swami joined the Krishna consciousness movement in Buffalo, NY in 1971 and received initiation from Srila Prabhupada later that year. His Holiness Bhakti Bringa Govinda Swami was born in Memphis Tennessee, USA. In the summer of 1971, He joined International Society for Krishna Consciousness ( ... Hare Krishna dear Devotees, In honour of the departure of HH Badrinarayan Swami we will have kirtan tonight, 7 PM, in Radha Raman Bagicha."
Bhakti Caitanya Swami,https://iskconsannyasa.com/public/admin/SannyasaMinistry/3381690619412.jpg,"He is a member of its Governing Body Commission and is the leader of ISKCON in South Africa, the Baltic states and Russia. Bhakti Chaitanya Swami. Personal life. Originally from New Zealand, Bhakti Caitanya Swami joined the Hare Krishna movement in London, early in 1973. Almost a year before, as a philosophy student ... Bhakti Caitanya Swami travels globally, preaching Krishna Conscious philosophy while remaining a stalwart spiritual leader for ISKCON South Africa."
Bhakti Carudesna Swami,https://lookaside.fbsbx.com/lookaside/crawler/media/?media_id=100086896119497,His Holiness Bhakti Carudesna Swami Maharaja. 7554 likes. Bhakti Carudesna Swami is a traveling preacher and a Sannyasa in ISKCON. Departure with a Touch of Mercy His Holiness Bhakti Ashraya Vaishnava Swami Maharaj has departed from our temple. His divine darśana and association will ... Bhakti Carudesna Swami BTS (BCDS); Bhakti Dayita Adipurusha Swami GGS (BDAS) ... Devotees in ISKCON are free to approach any ISKCON devotee in good ...
Bhakti Dayita Adipurusha Swami,https://i.ytimg.com/vi/ptDaRm5LTnM/hq720.jpg?sqp=-oaymwEhCK4FEIIDSFryq4qpAxMIARUAAAAAGAElAADIQj0AgKJD&rs=AOn4CLC4cKYCV-BSwZoPyStkkdjwJSxe_w,Welcome to ISKCON Rajkot Official Channel Hare Krishna! Welcome to the official YouTube channel of ISKCON Rajkot. SB 4.31.21 - HH Bhakti Dayita Adipurush Swami Maharaj. 112 views · Streamed 5 years ago. ISKCON HABIBPUR ...more ... Srimad Bhagavatam Class by HH Bhakti Dayita Adipurush Swami Maharaj || 8 Apr 2024 || ISKCON BBSR · Day 1. · Harinama Ki Mahima || ISKCON Indore || ...
Bhakti Dhira Damodara Swami,https://lookaside.fbsbx.com/lookaside/crawler/media/?media_id=100063615044564,His Holiness Bhakti Dhira Damodara Swami is the first African sannyasi (cardinal) and guru (spiritual master) of the International Society of Krishna ... Bhakti Dhira Damodara Swami · Short Videos Series · Special Lectures · Lectures: Other Languages · Lectures: Books · Special Lecture Series · Musical Offerings. Bhakti Dhira Damodara Swami has covered a very important topic from many angles. Many will find inspiration and vision on how to deal with the guru-disciple ...
Bhakti Gaurava Narayan Swami,https://yt3.googleusercontent.com/Xl35QIcN0zcbO-ov_b0HWci7pKDhOgjJaNegdL8xADJWjQRJsz5m6cmu0C8bav4fgMDaw-e2jw=s900-c-k-c0x00ffffff-no-rj,"Sri Radhaashtmi Lecture-Vrindavan| HH. Bhakti Gaurav Narayan Swami Maharaja|06-09-2019 · Popular videos · Videos · Past live streams · Multiple playlists. HH Bhakti Gaurava Narayana Swami was born near Jagannath Puri Dham in the state of Odisha, India, in the year 1953.He graduated from SCS College, ... HH Bhakti Gaurav Narayan Swami's life is more than a biography; it is a living testament to the power of Bhakti in the modern age. Discover His Journey ..."
Bhakti Gauravani Goswami,https://iskconsannyasa.com/public/admin/SannyasaMinistry/4591690619350.jpg,"Bhakti Gauravani Goswami is the president of the New Vrajamandala farm community and the Euro RGB Commissioner for ISKCON's activities in Spain. Bhakti Gauravani Goswami, born in Germany in 1951, met devotees in Hamburg in the summer of 1971. While still doing mandatory military serviece, ... Bhakti Gauravani Goswami, born in Germany in 1951, met devotees in Hamburg in the summer of 1971, while doing mandatory military service."
Bhakti Prabhava Swami,https://i1.sndcdn.com/artworks-000123784122-0l03kf-t500x500.jpg,"Bhakti Prabhava Swami, born in Brussels in Belgium, in 1960, met devotees in Ghent in the summer of 1992. From 1992 to 1996 he was active in Nama Hatta ... His Holiness Bhakti Prabhava Swami, born in Belgium, in 1960, met devotees in Ghent in the summer of 1992. From 1992 to 1996 he was active in Nama Hatta ... Bhaktivaibhava Swami finished his studies and joined the Hare Krishna movement in 1970. The following year he was initiated by Srila Prabhupada."
Bhakti Prabhupada-vrata Damodara Swami,https://cdn.tovp.org/wp-content/uploads/2015/02/bhakti_prabhupada_vrata_damodar_swami_speaks_about_tovp.jpg.webp,"Ceo of Iskcon Miami Outreach. His Holiness Bhakti Prabhupada Vrata Damodara Maharaja. 1946 Born in NYC. 1965 – Moved from Brooklyn (NYC) to the Lower East ... His Holiness Bhakti Prabhupada-vrata Damodar Swami Speaks About the TOVP. Maharaja has been observing the progress in the construction of the TOVP over the ... Bhaktisvarupa Damodar Swami, also known as Dr. Thoudam Damodar Singh and by the honorific Sripada, was a Gaudiya Vaishnava spiritual leader, ..."
Bhakti Pran Gopinath Swami,https://audio.iskcondesiretree.com/02_-_ISKCON_Swamis/ISKCON_Swamis_-_A_to_C/His_Holiness_Bhakti_Prana_Gopinath_Swami/_folderOpenImage.jpg,"His Holiness Bhakti Prana Gopinath Swami Maharaj was born in Tihidi in Bhadrak district of Odisha in the year 1956.He was helping His Holiness Goura Govinda ... Bhakti Pran Gopinath Swami GGS (BPGS); Bhakti Prema Swami BCS (BHPS); Bhakti Raghava Swami (BRS); Bhakti Ratnakara Ambarisa Swami GKG (BRAS); Bhakti Sundar ... ISKCON Youth Forum Bhubaneswar Bhagabatam session by H.H Bhakti Pran Gopinath Swami Maharaj. A108.net. By A108.net, 07/08/2023. 45 views. Tap to unmute."
Bhakti Prema Swami,https://yt3.googleusercontent.com/S1g_DqB3PBCvdEriW34BwGuLfYDWLr2_efMGVHWuEvo7Rct_JSKIjkJfmDEbBIz6eMjjxS1-ow=s900-c-k-c0x00ffffff-no-rj,"1st Initiation ceremony by HH Bhakti Prema Swami Maharaj || Offical AfterMovie || ISKCON ... Kirtan With HH Bhakti Prema Swami Maharaj || 21 May 2023 || ISKCON ... His Holiness Bhakti Prema Swami was born on 31st December 1967, came in contact with ISKCON in 1994 and joined as a full-time devotee in 1995 in Mayapur. He ... Bhakti Prema Swami is a Gaudiya Vaishnava sannyasi in the International Society for Krishna Consciousness. He is a disciple of His Holiness Bhakti Charu ..."
Bhakti Raghava Swami,https://bhaktiraghavaswami.com/wp-content/uploads/2018/11/BRS.jpg,"From 1974 to 1976 he served at the ISKCON Ottawa temple. From 1976 to 1992, Maharaja lived in India, pioneering the New Bhakta Program and the Nama Hatta ... Bhakti Raghava Swami has concentrated his preaching mostly in Asian countries such as India, Indonesia and Cambodia. He travels extensively and holds seminars ... @BhaktiRaghavaSwamiArchive. 4.85K subscribers•2K videos. HH Bhakti Raghava Swami Official ISKCON Lectures, Vedic Teachings & Spiritual Wisdom ...more. HH ..."
Bhakti Ratnakara Ambarisa Swami,https://i.ytimg.com/vi/BOvOynJDUiI/sddefault.jpg,"Initiated in Mayapur during Gaur Purnima in 1992, Swami Ambarish received his second initiation in 1994. For 25 years, he dedicated his efforts ... HH Bhakti Ratnakar Ambarisa Swami Maharaj || Special Class || ISKCON Dwarka || 11th March 2025 ... Teachings of Ramayana || ISKCON Rohini || ... His Holiness Bhakti Ratnakar Ambarish Swami Maharaja blessed the devotees with his divine visit and performed the beautiful Aarti of Sri Sri ..."
Bhakti Sundar Goswami,https://i1.sndcdn.com/artworks-000123310368-syhhrd-t500x500.jpg,"All classes by HH Bhakti Sundar Goswami. Home. Shorts ... ISKCON San Diego Live TV. Bhakti Sundar Goswami was born in Aleppo, Syria. He is an initiating spiritual master (Guru) and a leading member of ISKCON. His Holiness Bhakti Sundar Goswami Maharaj is visiting us in Phoenix. He took Diksha exactly 50 years ago in March 1974 from Srila Prabhupada."
Bhakti Vasudeva Swami,"https://static.wixstatic.com/media/d69682_a370e8fb26c84fda95d8714cb4e827e6~mv2.jpg/v1/fill/w_280,h_280,al_c,q_80,usm_0.66_1.00_0.01,enc_avif,quality_auto/Bhakti_Vasudeva_Swami_JPG.jpg","H.H. Bhakti Vasudeva Swami holds a Ph.D. in Applied Management and Decision Sciences from Walden University, in Minneapolis, USA. Globally, he is the first ... Bhakti Vasudeva Swami is an ISKCON guru and a member of Spiritual Advisors Bhagavata Assembly (SABHA), a partner of the GBC. His Holiness Bhakti Vasudeva Swami joined ISKCON, Nigeria, in 1984 as a disciple of His Holiness Bhakti Tirtha Swami. He holds a master's degree in Philosophy ..."
Bhakti Vijnana Goswami,https://upload.wikimedia.org/wikipedia/commons/2/23/%D0%91%D1%85%D0%B0%D0%BA%D1%82%D0%B8_%D0%92%D0%B8%D0%B3%D1%8C%D1%8F%D0%BD%D0%B0_%D0%93%D0%BE%D1%81%D0%B2%D0%B0%D0%BC%D0%B8.jpg,Bhakti Vijnana Goswami is one of the leaders of ISKCON in Russia and is working tirelessly towards establishing a large new temple in Moscow. Seminars by Bhakti Vijnana Goswami · Madhurya Kadambini · Crises on the path of devotional service · A structural review of the main topics of Srimad Bhagavatam. Bhakti Vijnana Goswami has acted as a member of ISKCON's Governing Body Commission and since 2005 has served as one of the initiating gurus of ISKCON.
Bhakti Vikasa Swami,https://lookaside.fbsbx.com/lookaside/crawler/media/?media_id=100046899019582,"His Holiness Bhakti Vikāsa Swami appeared in this world in 1957 in England. He joined the International Society for Krishna Consciousness (ISKCON) in London ... With over one and a half million books in print in over twenty languages, Bhakti Vikasa Swami is one of the most prolific and published writers on Krishna ... तिलक कैसे लगाते हैं बहुत लोग वैष्णव तिलक लगाते हैं, लेकिन उन्हें पता नहीं होता कि इसका अर्थ क्या है। शास्त्र कहते हैं—यह शरीर को भगवान् का मंदिर घोषित करना है। परम पूज्य भक्ति विकास स्वामी महाराज बताते हैं कि तिलक केवल श्रृंगार ..."
Bhaktivyasa Tirtha Swami,https://lookaside.fbsbx.com/lookaside/crawler/media/?media_id=61575839441901,"In ISKCON he was a respected sannyasi, a monk in the renounced order of life, and a guru, with disciples of his own. He was the world's first Afro-American ... He was the highest-ranking African American in ISKCON. ... He wrote 17 books on religious topics and led community development projects in the United States and ... It has been many years since the Vyasa Puja of His Holiness Bhakti Tirtha Swami Maharaj in Mayapur, yet each time it arrives, it feels just as fresh, powerful, ..."
Bhakti VV Narasimha Swami,https://lookaside.fbsbx.com/lookaside/crawler/media/?media_id=100050317969855,"Bhakti Vighna Vinasa Narasimha Maharaja was initiated by Srila Prabhupada in London in 1971. A year later he received second initiation. Swami BVV Narasimha, Mayapur. 7480 likes · 220 talking about this. This is the official page of HHBVV Narasimha Maharaj. This Page is maintained by HH BVVN Maharaja's Office in service,an initiating ISKCON Guru, disciple of @srilaprabhupada · 4 days to go *77th Vyasa Puja of HH ..."
Bhakti-bhusana Swami,https://iskconnews.org/media/images/2020/05-May/bbsw.png,"Bhakti Bhusana Swami was born in Germany, but spent part of his childhood in Chile. He met Krishna devotees in 1968 when there was a lone monk visiting ... His Holiness Bhakti Bhusana Swami joined at a young age of 22 years in the year 1969 in Germany. He opened many temples and preaching centers in Germany and ... Guru and GBC Bhakti Bhusana Swami was hospitalized on Sunday May 3 rd in Germany. On Tuesday May 5 th , doctors diagnosed him with a type of encephalitis."
Bhaktimarga Swami,https://thedasca.files.wordpress.com/2020/07/f88d4-photo_1859065_resize_article.jpg,"Bhaktimarga Swami served ISKCON as Bhakta leader, Sankirtan leader, director of devotional plays, and from 1985-1995 he was the temple president in Toronto. BHAKTIMARGA SWAMI, born in Chatham, Ontario, Canada, is also known as THE WALKING MONK for having trekked FOUR TIMES across Canada. Keeping with the spirit ... Bhaktimarga Swami – THE WALKING MONK. 22.9K followers. 0 following. Marathon Walker, Bhakti Yoga Instructor, Playwright. Every Guy Music Video out now⬇️."
Bhaktipada Goswami,https://upload.wikimedia.org/wikipedia/en/8/86/Kirtanananda_Swami_-_1982.jpg,"Bhaktipada was an American religious leader who led the American branch of the Hare Krishna movement before a criminal investigation ... Kirtanananda Swami also known as Swami Bhaktipada, was a Gaudiya Vaishnava guru, the co-founder of New Vrindaban, a Hare Krishna community in Marshall ... His Holiness Bhakti Ananta Krishna Goswami ... Before joining the Krishna consciousness movement, Maharaja had a distinguished career in the Russian Navy. He ..."
Bhurijana Das,https://bhurijanadasa.com/wp-content/uploads/2020/12/bhurijan-prabhu-lecture.jpg,"Inspired by the life and work of His Divine Grace AC Bhaktivedanta Swami Prabhupada. Founder-acharya of the International Society for Krishna Consciousness. Bhurijana Dasa began chanting Hare Krsna in early 1968 while still a student at the University of Buffalo. A few months later he met his spiritual master. Bhurijana Dasa, initiated in 1968 by Srila Prabhupada, pioneered ISKCON in Japan and established its first centre in Hong Kong."
Bir Krsna Das Goswami,https://lookaside.fbsbx.com/lookaside/crawler/media/?media_id=100063510436046,"Bir Krishna Goswami. 9998 likes · 96 talking about this. Official page of Bir Krishna Goswami, a monk and musician (page managed by BKG Media Team) ISKCON Governing Body Commission (GBC) Member, Bir Krishna Das Goswami introduces himself and shed light on the various services and ... In 1982, His Holiness Bir Krsna Das Goswami came to North Carolina with a desire to spread Krishna consciousness to please his spiritual master, Srila ..."
Caitanya Avatari Das,https://media.licdn.com/dms/image/v2/C4E03AQHgrjJPwbzEtw/profile-displayphoto-shrink_200_200/profile-displayphoto-shrink_200_200/0/1624087537319?e=2147483647&v=beta&t=tzTDxlmL5uiP4qziyr8KYQ9h3SRkkdXDUrtKijhiq1M,"ISKCON's Congregational Development Ministry as a tool and source of inspiration to support devotees worldwide in congregational preaching. A Computer Engineering graduate from NIT Surat, Chaitanya Avatar Das is a monk and a… · Experience: ISKCON Bhiwandi · Education: National Institute of ... This webinar is conducted by HG Chaitanya Avatari Das and HG Rasmayi Devi Dasi who have both been practicing Krishna Consciousness for more than 30 years ..."
Caitanya Candra Caran Das,https://iskconnews.org/media/images/2020/09-Sep/ccc1.png,"Chaitanya Chandra Charan Das is a Russian Hindu Vaishnavite religious figure and preacher; guru and member of the Governing Council of the International ... His Holiness Chaitanya Chandra Charan Prabhu, a spiritual teacher for Russian-speaking devotees and a member of the GBC, and his wife Gourachandrika Devi, have ... Chaitanya Charan Das is at ISKCON New York. Mar 15, 2024󰞋󱟠. 󳄫. Suppose a boy proposes to a girl. Suppose further that she refuses — and he reacts by ..."
Candra Mukha Swami,https://i1.sndcdn.com/avatars-000250942395-0x1aaa-t500x500.jpg,"Candra Mukha Swami — Brazil. images. Candra Mukha Swami — Brazil. His Holiness Chandra Mukha Swami Maharaja. Born 1957, Dracena, São Paulo, Brazil – ISKCON ... Krishna Lila · Antenas Ancestrais. About. 11,553 monthly listeners. Membro da Sociedade Internacional para Consciência de Krishna (ISKCON), Chandramukh … see ... This is a non-gaudiya math, non-ritvik, pro-bookedits, pro-JAS, anti-feminism, anti-egalitarianism website for Iskcon members under the GBC(in principle). All ..."
Candramauli Swami,https://iskconboston.org/sites/default/files/people_photo/candramauli_swami-220_0.jpg,"As prison minister for ISKCON HH Candramauli Swami is actively involved in prison preaching programs and guiding prisoners interested in Krishna consciousness. Candramauli Swami preaches mainly in America, India, and Western Europe and the UK. He is an initiating Spiritual Master within the ISKCON Society. Candramauli Swami preaches in America, India, Western Europe, Slovenia, Croatia, Italy, and the UK. He is an initiating spiritual master within the ISKCON ..."
Caru Das,https://iskconnews.org/media/images/2008/03-Mar/caru_large.jpg,"A disciple of His Divine Grace A.C. Bhaktivedanta Swami Prabhupada since 1970, Caru Dasa devoted more than five decades to sharing Krishna ... Christopher Caru Warden — also known as Charu Das, Caru Dasa, or Caru Prabhu — was killed in a car crash yesterday in Springville. Namaste and welcome to my channel. I am the Founder of the Holi Festival of Colors (the largest Holi Festival in the U.S.), the Founder of KHQN Krishna ..."
Danavir Goswami,https://iskconboston.org/sites/default/files/field/image/DanavirGoswami.jpg,"Your family is setting a very nice example for other devotee families to follow. Namely peacefully conducting family life, regularly attending local ISKCON ... Danavir Goswami (Dr. Dane Holtzman) was born in Los Angeles in 1949. He studied sociology and economics at the University of California, Los Angeles (UCLA). Danavir Goswami (Dr. Dane Holtzman) was born in Los Angeles in 1949. He studied sociology and economics at the University of California, Los Angeles (UCLA)."
Dayavan Swami,https://lookaside.fbsbx.com/lookaside/crawler/media/?media_id=6451360778256119,"Dayavan Swami RSD (DS); Devakinandan Das MVG (DND); Devamrita Swami (DAS) ... Devotees in ISKCON are free to approach any ISKCON devotee in good standing ... Two new Russian sannyasis in GBC ISKCON. Nirajana Swami initiated two sannyasi candidates, now Dayavan Swami (right hand) and Adhokshaji Swami. May 7, 2023 - Almaty - Sannyasa Initiation of Adhoksaja Swami and Dayavan Swami - Dubbed in English. 744 views · 2 years ago ...more ..."
Devakinandan Das,https://lookaside.fbsbx.com/lookaside/crawler/media/?media_id=100064456913122,"ISKCON Kanpur's Farm Project! Bhaktivedanta Vaibhav Gaushala, Unnao, U.P. Protecting the Cow Means Saving the Earth and Preserving Sanātana Culture. Devakinandan Das. @DevakinandanDas. 2.58K subscribers•550 videos. This channel is ... ISKCON Kirtan Standards - A Must for Every Kirtan | Devakinandan Das. HG Devakinandan Prabhu, a dedicated follower of ISKCON, discovered Krishna Consciousness at a young age and joined the movement in Vrindavan in 1976. He ..."
Devamrita Swami,"https://static.wixstatic.com/media/3093cb_dd12d5c970bc4c3e830b88475a26cf66~mv2.jpeg/v1/fill/w_980,h_699,al_c,q_85,usm_0.66_1.00_0.01,enc_auto/3093cb_dd12d5c970bc4c3e830b88475a26cf66~mv2.jpeg","A member of ISKCON's governing body since 2001 he has occupied the responsible posts of GBC vice chairman and later, chairman. Devamrita Swami was born on October 16, 1950 in New York City. At the age of seventeen, he received a scholarship to Yale University and graduated in 1972. Devamrita Swami is an educator, author, and monk in the Krishna bhakti tradition. For over forty years, he has been traveling the world sharing the teachings ..."
Dhanvantari Swami,https://lookaside.fbsbx.com/lookaside/crawler/instagram/dhanvantari.swami/profile_pic.jpg,"Lecture on Instruction of Society by Dhanvantari Swami - Part 03. Sevak. Posted by Hitendra Patel on May 15, 2019 at 8:24am ... HH Dhanvantari Swami Lecture on Bhagavad Gita 4.24 at ISKCON Recife. Part-1. Sevak. Posted by Hitendra Patel on May 15, 2019 at 7:56am. Views: ... The Lord in His incarnation of Dhanvantari very quickly cures the diseases of the ever-diseased living entities simply by His fame personified."
Dhirasanta Das Goswami,http://dhirasantagoswami.com/wp-content/uploads/2016/04/Dhirasanta-das-Goswami.jpg,"Official site of Dhirasanta das Goswami Maharaj, disciple of A.C. Bhaktivedanta Swami Prabhupada founder-acarya of the International Society for Krishna ... Dhirasanta das became a monastic monk in the London Radha Krishna temple and received initiation from Srila Prabhupada in 1972. He has served as a pioneer ... HH Dhirasanta dasa Goswami is a disciple of His Divine Grace A. C. Bhaktivedanta Swami Prabhupada, founder-acharya of International Society for Krisha ..."
Drutakarma Das,https://iskconboston.org/sites/default/files/people_photo/cremo.jpg,"Michael Cremo (aka Drutakarma Das), is on the cutting edge of science and culture issues. In the course of a few month's time he might be found on pilgrimage. Drutakarma Das (Michael A. Cremo) is a disciple of His Divine Grace AC Bhaktivedanta Swami Prabhupada. He joined the ISKCON in 1974 at the Washington, DC ... Although Drutakarma prabhu claims to have carefully studied the ritvik position, he continually misrepresents and ignores our arguments and supporting evidence."
Gauranga Prem Swami,https://srimayapurdhama.com/wp-content/uploads/2025/05/HH-Gouranga-Prem-Swami.jpeg,"His Holiness Gauranga Prem Swami Maharaj was born on March 12, 1954, in Dhaka, Bangladesh. From childhood, he was spiritually inclined and deeply influenced by ... Gauranga Prem Swami. 19037 likes · 764 talking about this. He is one of the ISKCON Initiation spiritual Master & Chief Regional Director of ISKCON ... This is the official youtube channel for Gauranga prema Swami and is maintained by The Office of Gauranga prema Swami, not by Gauranga prema Swami himself."
Giridhari Swami,https://i1.sndcdn.com/artworks-000058964974-vbihjv-t500x500.jpg,"Giridhari Swami joined the GBC in 1996. He became GBC chairman in 2002. Copyright © 2026 International Society for Krishna Consciousness - Website of the ... His Holiness Giridhari Swami joined the GBC in 1994, as several devotees as well as His Holiness Tamal Krishna Goswami felt that it will increase his service in ... Bhaktivinoda Thakur was clearly a nitya-siddha, an eternally liberated soul, one directly empowered by Krishna to accomplish such seemingly impossible feats."
Gopaswami Das,https://i.ytimg.com/vi/xTEC_yJgrlM/hq720.jpg?sqp=-oaymwE7CK4FEIIDSFryq4qpAy0IARUAAAAAGAElAADIQj0AgKJD8AEB-AH-CYAC0AWKAgwIABABGGUgTyg8MA8=&rs=AOn4CLD1Z076lcm7J0HK0kffOVEF5_oeIQ,"Gopaswami Das explained the past and present history of the community, from the long tradition of French interest in Indian philosophy to ... Gopaswami: We had a very big engagement for him in the biggest hall of Paris, which was called Salle Pleyel. Srila Prabhupada sat on the vyasasan on the stage ... Gopaswami Das (GSD); Guru Prasad Swami (GPS); Haladhara Swami GGS (HDS) ... Devotees in ISKCON are free to approach any ISKCON devotee in good standing ..."
Guru Prasad Swami,https://lookaside.fbsbx.com/lookaside/crawler/media/?media_id=100079655534761,Guru Prasad Swami's early contribution in ISKCON Costa Rica centered on administrative services and distributing BBT publications beginning in 1975 in the USA ... Guru Prasad Swami is a teacher in Krishna Consciousness (Hare Krishna) whose life was transformed spiritually when he was in the U.S. Army at a base in Panama. Guru Prasad Swami Official. 2327 likes. Guru Prasad Swami Maharaj's Official Page ... Initiation lecture by H.H Guru Prasad Swami at ISKCON Trinidad. Enjoy the ...
Haladhara Swami,https://yt3.googleusercontent.com/NSL1JHShSlnZxIgzgjp1pXgdzrpj4Mepy2mGg1RlqKRHIT1GzZ-Q0Fky-zqPZSS92OUB3XZv=s900-c-k-c0x00ffffff-no-rj,"Welcome to the website and travel program tracker of His Holiness Haladhara Swami Maharaja, a dedicated disciple of Srila Goura Govinda Swami Maharaja. His Holiness Haladhara Swami was born and brought up in Odisha, India. He came into contact with the devotees at ISKCON Bhubaneswar temple in 1992. Official handle ISKCON Sannyasi and Guru Disciple of Sri Srimad Gour Govinda Swami Maharaja in line of HDG Srila Prabhupada."
Hanumatpresaka Swami,https://i1.sndcdn.com/artworks-000198376782-j9o31u-t500x500.jpg,"His Holiness Hanumat Presak Swami Guru Maharaj, was a Srilo A.C Bhakti Vedanta Swami Prabhupada 's diciple, ISKCON Monk , Authentic Spiritual Master (Sàdguru) ... Our sole objective is to assist devotees in their Krishna consciousness.However, it does require resources for us to do so. Our cost of just maintaining this ..."
Harivilas Das,http://www.harivilasdas.com/wp-content/uploads/2019/12/HHHVMaharaj.jpg,"His Holiness Harivilas Maharaj was born in Philadelphia January 5, 1946. He graduated from University of Pennsylvania in 1968. Hari Vilasa Dasa was initiated by Srila Prabhupada in 1968 in New York. He has been a member of the GBC since 1988. Amazingly, Hari-Vilasa has managed to continue being a GBC member and serving as temple president of ISKCON Seattle while doing all of this, and ..."
Hrdayananda dasa Goswami,https://upload.wikimedia.org/wikipedia/commons/7/78/Hridayananda_Goswami_at_Universidade_Lusofona_in_Lisbon_2017.jpg,"is an American Vaishnava leader and preacher, one of the leading spiritual leaders of the International Society for Krishna Consciousness (ISKCON) Hridayananda das Goswami (Howard J. Resnick, Ph.D.) is an early pioneer and renowned teacher of bhakti yoga in the Western world. Hridayananda das Goswami (Howard J. Resnick, Ph.D. <http://HDGoswami.com/>) is an early pioneer and renowned teacher of bhakti yoga in the Western world."
Indradyumna Swami,https://lookaside.fbsbx.com/lookaside/crawler/media/?media_id=100063533988583,"Indradyumna Swami travels around the world, spreading Krishna consciousness through lectures and large-scale kirtan and festival events. Indradyumna Swami has spent over five decades intently focusing on Srila Prabhupada's service. Occasionally, Maharaja attracts some criticism. 108K followers · 14 following · 961 posts · @indradyumnaswami: “• Spiritual Teacher • Monk • Author Adventures of a Travelling Monk Out Now ⬇️”"
Janananda dasa Goswami,https://lookaside.fbsbx.com/lookaside/crawler/media/?media_id=1215142057279875,HH Janananda das Goswami is a beloved and respected figure in the International Society for Krishna Consciousness (ISKCON). Born in the United Kingdom. His Holiness Janananda Goswami was initiated by His Divine Grace Srila Prabhupada in 1972. He held various positions in ISKCON ... Nityananda Trayodasi Festival Class | HH Janananda Goswami Maharaj | ISKCON Sydney. Ghanashyam Govinda•265 views · 1:07:46 · Go to channel ...
Jayadvaita Swami,https://iskconboston.org/sites/default/files/people_photo/jayadvaita-swami.jpg,"He served as a trustee for the Book Trust from 1988 through 2017. He has been described as ""one of ISKCON's most independent-minded and respected thinkers."" ... Spirituality, Krishna philosophy, and social commentary from Jayadvaita Swami, writer, editor, publisher, and teacher. Jayadvaita Swami — editor, writer, publisher, and teacher — is a disciple of His Divine Grace A.C. Bhaktivedanta Swami Prabhupada, Founder-Acharya of the ..."
Jayapataka Swami,https://upload.wikimedia.org/wikipedia/commons/3/34/JPS35.JPEG,"In 2004 he was one of the initiating spiritual masters, (ISKCON Gurus), a member of the Governing Body Commission (GBC), and a divisional trustee for the ... Jayapataka Swami. 244931 likes · 76030 talking about this. Official page-Jayapataka Swami, Author, Initiating spiritual master for Bhakti... Jayapataka Swami was born in Milwaukee, Wisconsin, USA. His scholastic achievements led to an offer of a full scholarship by Brown University after his ..."
Jivananda Das,https://lookaside.fbsbx.com/lookaside/crawler/media/?media_id=100001376142820,"Jivananda Dasa Vanacari. 9708 likes · 27 talking about this. Initiating Guru, Spiritual guide, speaker, and disciple of ISKCON Founder-Acharya Srila... One of the most recent people to join ISKCON's club of almost 80 GBC-elected ""gurus"" is HG Jivananda Dasa (""JD""). Although he became a GBC-elected ISKCON ... HG Jivananda Prabhu is a disciple of A.C. Bhaktivedanta Swami Sril Prabhupad, the founder Acharya of the Internal Society for Krishna Consciousness, ..."
Kalakantha Das,https://schoolofbhakti.com/wp-content/uploads/2024/06/kalakantha-das.jpg,"Over his ten-year brahmacari career he distributed books on the BBT Library Party, served as the Bhakta leader in ISKCON Los Angeles, and opened a college ... Since 2015, Kalakantha Das has been the GBC Minister of Cow Protection and Agriculture. Born in Brazil from a family of farmers and agriculture professors, ... Kalakantha Das has been serving as the ISKCON GBC Minister for Cow Protection and Agriculture since 2015. He has worked as a SPN (GBC ..."
Kavicandra Swami,https://lookaside.fbsbx.com/lookaside/crawler/media/?media_id=1081148977374011,"Kavichandra Swami met the Hare Krishna devotees in 1967 and was initiated by Srila Prabhupada in 1971. He joined the temple in Tucson, Arizona. Kavicandra Swami was born in Minneapolis, Minnesota in 1947. He studied at Minnesota University and worked at several jobs. In 1967, in Tucson Arizona, he met ... His Holiness Kavicandra Swami. 7720 likes · 5 talking about this. Official Facebook Page of HH Kavicandra Swami, in the Service of Srila Prabhupada..."
Kesava Bharati dasa Goswami,https://i1.sndcdn.com/artworks-000331956471-jjdpti-t500x500.jpg,"Kesava Bharati Dasa Goswami has dedicated his life to teaching the science of bhakti-yoga. He has traveled extensively, having lived in eight countries. Since then, Kesava Bharati Dasa Goswami has dedicated his life to teaching the science of Bhakti-yoga. He has traveled extensively, having lived in eight ... HH Kesava Bharati Dasa Goswami. ISKCON London Radha-Krishna Temple. Playlist•4 videos•55 views. Play all · 1:23:37. Class - HH Kesava Bharati Dasa Goswami ..."
Kratu Das,https://yt3.googleusercontent.com/RUD8qHMfEscEJMYdspbgsTm_nxNY8OihrKMOZxv6RSEVoWQE6RoqL2pW_BjDQPkVoTG5ZUrn=s900-c-k-c0x00ffffff-no-rj,"After serving Vancouver ISKCON temple as the Temple President for 13 years, Sriman Kratu Prabhu returned back to his own native land of Gujarat in 1993 and ... Kratu Prabhu was born in aristocratic Gujarati Gaudiya Vasihnava family on July 5, 1944. His father was an ardent vaishnava and his mother persistently chanted ... The official YouTube Channel for Shriman Kratu Das Adhikari. Maintained by his team of disciples and followers."
Kripamoya Das,https://www.kripamoya.com/wp-content/uploads/2020/04/About-2.jpg,"Kripamoya Das is an initiated disciple of His Divine Grace A.C.Bhaktivedanta Swami Prabhupada, the spiritual teacher who created the Hare Krishna movement ... A disciple of AC Bhaktivedanta Swami HG Kripamoya Das was born in the UK, and has been teaching Bhakti Yoga for almost 5 decades. It offers retreat to a world of yoga, meditation, contemplation, sacred and enlivening music and dance, vegetarian food, theatre, workshops, community schooling ..."
Krsna Ksetra Swami,https://lookaside.fbsbx.com/lookaside/crawler/media/?media_id=100069137444912,"Krishna Kshetra Swami – teacher, writer, and traveller – is a disciple of His Divine Grace A.C. Bhaktivedanta Swami ... Krishna Consciousness (ISKCON). HH Krishna Kshetra Swami - teacher, writer, and traveller - is a disciple of His Divine Grace A.C. Bhaktivedanta Swami Prabhupada, Founder-Acharya of ISKCON. Following the supreme will of Sri Krishna, he met devotees in July 1972. He joined ISKCON (International Society for Krishna Consciousness) ..."
Lokanath Swami,https://lookaside.fbsbx.com/lookaside/crawler/threads/lokanathswami/profile_pic.jpg,"This is the official channel of His Holiness Lokanath Swami Maharaj, a senior ISKCON guru and disciple of Srila Prabhupada. ...more An innovative initiative by His Holiness to bring people of all segments on a single platform, to chant daily the holy names of the Lord. Read articles and watch videos about the events and investigations in and around Lokanath Swami's child molestation case."
Madana-mohana Das,https://www.manidharadas.com/images/article-details/166_Sri-Sri-Madana-Mohana.jpg,"For six years, Madana-Mohana had been gracing ISKCON with His presence, but only now would He receive standard worship. Other deities were ... Our dear Madana-mohana-mohini dasi has left this world at 5:11 pm today evening, 12 March 2023. She left very peacefully while listening to her favorite kirtan ... SAVED BY THE BELL: MADANA MOHANA the FIRST DEITY IN ISKCON. This is the very beautiful history of how Lord Krishna first came into Shrila ..."
Madan Gopal Das,https://i.ytimg.com/vi/TwzyZQjdYlM/maxresdefault.jpg,"Madana-gopāla Dāsa is an ISKCON leader who serves in management, communications and fund development. He is a kirtan and japa enthusiast, Madanagopala Dasa joined ISKCON in 1991 in Nairobi, Kenya. He had served over the years as the Education and Temple Management Director at ISKCON of New Jersey. Official ISKCON Disciples Course (IDC) ISKCON of Towaco April 24–26, 2026 Friday (Zoom) 6:30 PM – 9:00 PM Saturday (In-person) 8:30 AM – 5:00 PM ..."
Madhu Sevita Das,https://eurorgb.org/wp-content/uploads/2022/06/Madhu-Sevita-d.jpg,"Madhusevita Dasa joined in Katmandu, Nepal in 1973 and was initiated by Srila Prabhupada in 1974. From the very beginning his contribution to ISKCON has ... Madhu Sevita Dasa, Massimo Brioli, was born in Rome, Italy in 1952. He joined ISKCON in 1973 in Kathmandu, Nepal. He received his first initiation from ... Madhu Sevita prabhu (GBC) informs the Amsterdam Yatra about changes in the management of the temple. Krishnakant Patidar and ..."
Mahadyuti Swami,https://lookaside.fbsbx.com/lookaside/crawler/media/?media_id=100000883997210,"When I first joined ISKCON the ashram was at 61 Second Avenue, just a few blocks up from the original storefront at 26 Second Avenue in the lower east side of ... Disciple of His Divine Grace A. C. Bhaktivedanta Swami Prabhupada, Founder-Acharya of ISKCON, preaching more than 53 years. Initiating Guru in ISKCON. From the moment Mahadyuti Swami set foot in an ISKCON temple in November 1971, he exemplified the rarest qualities of faith, determination, and ..."
Mahaman Das,https://iskconrau.com/wp-content/uploads/2022/02/Mahaman.png,"Currently he is an ISKCON appointed official Manager of an Extension Centre ,ISKCON Rau, Indore taking care of all activities in the Centre. Disciple of Srila Prabhupada, Initiating Guru, Zonal Secretary (North India), and ISKCON Indore Temple President. Vyasa Puja Offerings Book. This is the official Youtube channel of HG Mahamana Prabhuji, maintained by his social media team, not by Prabhuji himself. ...more"
Mahaprabhu Swami,https://upload.wikimedia.org/wikipedia/commons/e/ea/Chaitanya_Mahaprabhu_in_Dhameswar_Mahaprabhu_temple_6.jpg,"Mahaprabhu founded Gaudiya Vaishnavism. He expounded Bhakti yoga and popularised the chanting of the Hare Krishna Maha-mantra. ... He composed the Shikshashtakam ... Mahaprabhu Swami SRS (MPS); Mahatma Das (MD); Mahavisnu Swami (MVS); Mani ... Devotees in ISKCON are free to approach any ISKCON devotee in good standing ... Chaitanya Mahaprabhu was born in Mayapur in the town of Nadia just after sunset on the evening of the 23rd Phalguna (1407 Sakadba), answering to the 18th of ..."
Mahatma Das,https://lookaside.fbsbx.com/lookaside/crawler/media/?media_id=100044768631374,"Welcome to the website of HG Mahatma Das. Browse, read, benefit and share the spiritual newsletters, audios, letter excerpts, poems, articles & much more. HG Mahatma Das will give an online Srimad Bhagavatam class on this Saturday at 9:30 a.m. EDT ⏱️For time in your city: https://www.timeanddate. com/worldclock/ ... Official Instagram page of HG Mahatma Das. Disciple of Srila Prabhupada. Initiating guru in ISKCON. Preacher. Author. Devotional music."
Mahavisnu Swami,https://lookaside.fbsbx.com/lookaside/crawler/media/?media_id=100044890003758,"His Holiness Mahavishnu Swami appeared in this world on 10 February 1945, in Birmingham, UK. He entered the Bath Academy of Art at age 19, and graduated with ... Mahavishnu Swami. 172464 likes ... Srimad Bhagavatam class by HH Mahavishnu Swami Maharaj on 26th February 2026 at ISKCON Budhanilkantha, Kathmandu Nepal. H H Mahavishnu Goswami Maharaj built the Dwarka ISKCON temple when he was 84 years old, when anyone else would have been happy to retire and rest. When he ..."
Mani Bandha Das,https://i.ytimg.com/vi/hCdOy4do8Lo/maxresdefault.jpg,Mani Bandha Das NRS (MBD); Manonatha Das (MND); Matsya Avatara Das (MAD) ... Devotees in ISKCON are free to approach any ISKCON devotee in good standing ... Srimad Bhagavatam class at ISKCON New Govardhana Temple. krishnafarm.net. Mon 24 Mar 2025 - SB 3.22.6 by Mani Bandha Gopal Das. 41 views · 1 ... Manidhara Das A Disciple of His Divine Grace A.C. Bhaktivedanta Swami ... The days of ISKCON when everybody who joined Srila Prabhupada's movement was ...
Manonatha Das,https://www.isvara.org/archive/wp-content/uploads/2022/06/PHOTO-2025-10-08-12-11-32.jpg,"Manonatha Dasa is a devotee of Krishna and one of Srila Prabhupada's direct disciples, from whom he took initiation in 1974. I am a disciple of Sri A.C. Bhaktivedanta Swami Prabhupada. Where do I live? I live in Vrindavana (India). What do I do? I serve in Iskcon as a preacher. Manonatha Dasa Vanacari. 5029 likes · 47 talking about this. http ... ISKCON Vrindavan. Contact info. 󰢉. manonatha. Photos. See all ..."
Matsya Avatara Das,https://i.ytimg.com/vi/08HbPBY7oTQ/maxresdefault.jpg,"Matsya Avatara dasa (Marco Ferrini) is a disciple of His Divine Grace A.C. Bhaktivedanta Swami Shrila Prabhupada, from whom he received ... Thirty-eight years ago, on 30 August 1976, for the first time I met Shrila Prabhupada in a personal darshanai it was a turning point of my ... Das. Avatar. The ten incarnations of. Krishna. Compiled by: Tapasvini devi dasi ... in his water pot. 4. Matsya Avatar led the king and the seven Rishis to."
Medhavi Das,https://lookaside.fbsbx.com/lookaside/crawler/media/?media_id=100090994774177,"Honoring Srila Prabhupada on His Disappearance Day Today, we gather with hearts full of gratitude and reverence to honor His Divine Grace A.C. Bhaktivedanta ... His Grace Medhavi Das Vyas (ACBSP) distributing the mercy at Srila Prabhupada's vyasa-puja. In his class moments later he spoke passionately ... Medhavi Das Vyas ; 󱜏. Lives in Cape Town, Western Cape ; 󱚸. Manager at Higher Taste Cuisine ; 󱚸. Owner at Self-Employed ; 󱜧. Studied Sociology at University of ..."
Narayani Devi Dasi,https://narayanidasi.net/wp-content/uploads/2020/08/narayanidasi01.jpg,"Joined ISKCON in Boston in 1970. She has done many services, including Deity worship in Calcutta temple, traveling book distribution in for the Bombay temple, ... Narayani devi dasi became the first Vaishnavi (female devotee) in ISKCON to serve as a diksa guru, or initiating spiritual master. H.G.Narayani Devi Dasi joined ISKCON in Boston in 1970. She has done many services for Srila Prabhupada including Deity worship in Calcutta temple, ..."
Navayogendra Swami,https://navayogendraswami.com/wp-content/uploads/2025/05/home-nys-navayogendraswami.webp,"His Holiness Nava Yogendra Swami ji Maharaj is one of the foremost disciple of HDG A.C. Bhaktivedanta Swami Prabhupada. He hails from a royal family of Raj ... Our sole objective is to assist devotees in their Krishna consciousness.However, it does require resources for us to do so. Our cost of just maintaining this ..."
Niranjana Swami,https://iskconboston.org/sites/default/files/people_photo/niranjana-swami_0.jpg,"ISKCON Founder—Acarya His Divine GraceA.C. Bhaktivedanta Swami Prabhupada. Niranjana Swami. Welcome to the official website of His Holiness Niranjana Swami! Devoted to assisting others on this path, Niranjana Swami is also an initiating spiritual master in ISKCON. His home base is Kiev, Ukraine. The management and ... His Holiness Niranjana Swami is a Vaishnava sannyasi, initiating guru and a governing body commissioner of the International Society for Krishna Consciousness."
Partha Sarathi Das Goswami,https://yt3.googleusercontent.com/-6ppaYLMjYh0E4zNp7VFmUGCYxiHztNAb_nZrJCmERnElolodN5ss3ssFEZ1hvAqPSd0xPsuU6M=s900-c-k-c0x00ffffff-no-rj,"His Holiness Pārtha Sārathi Das Goswami, was born in Suffolk, England, 19 November 1952. During his studies, Maharaja had been endowed with the mercy of ... Partha Sarathi Das GoswamiMaharaj remains one of the pioneers here in South Africa. Presently heis also an initiating guru in ISKCON. Classes by HH Partha Sarathi Das Goswami given in the year 2025 · Nityananda's Appearance Day, 10th February 2025, Iskcon Durban · A lecture by H.H. Partha ..."
Patita Pavana Das,https://i.ytimg.com/vi/svbkN0sy3Uk/hqdefault.jpg?sqp=-oaymwEmCOADEOgC8quKqQMa8AEB-AH-BIAC4AOKAgwIABABGGUgVihGMA8=&rs=AOn4CLCyiozG0h1fHNQyJTXcSjU-oldNzg,"Hare Krishna and Welcome to ISKCON Desire Tree Multimedia social network of The International Society for Krishna Consciousness (ISKCON) Patita Pavana Das. 95 followers. 234 following. God is Supreme Person. He is ... Gokulendra Prabhu served at Cato Ridge, registered ISKCON in Pretoria ... ISKCON's Detractors: Heroes or Perverts? – by Patita Pavana Das Adhikary. It is often said that evil thrives when good men remain silent. Yet ..."
Prabodhananda Saraswati Swami,https://lookaside.fbsbx.com/lookaside/crawler/media/?media_id=1191875125659993&get_thumbnail=1,"Our sole objective is to assist devotees in their Krishna consciousness.However, it does require resources for us to do so. Our cost of just maintaining this ... His Holiness Prabodhanand Saraswati Swami Maharaj appeared in 1957 on Krishna Paksha Dwadashi in Kartik, in Remuna, Odisha—home of Lord Kheerchor Gopinath."
Prahladananda Swami,http://www.vitarama.eu/pic/item/view/prahladananda-swami_137.jpg,"After experiencing a spiritual awakening, Prahladananda Swami joined ISKCON in 1968. He was at that time a student at the State University of New York (Buffalo) ... Please join His Holiness Prahladananda Swami this morning at 7am EDT for a special class on Zoom! Get your copy of ""Hope This Meets You in Good Health"" book! His Holiness Prahladananda Swami is a Vaishnava swami and a religious leader of the International Society for Krishna Consciousness (ISKCON)."
Purushatraya Swami,https://lookaside.instagram.com/seo/google_widget/crawler/?media_id=2956664170926233613,"Direct disciple of Srila Prabhupada On monastic life since 1976 Studious of the Vedas and Sanskrit ⛰️ Leader of @ecovila.goura project Writer. HH Purushatraya Swami reaffirms the 6th purpose of ISKCON-To bring the members closer together for the purpose of teaching a simpler, more natural way of ... In June 12, 2000, forty-four children of ISKCON, including twenty-one New Vrindaban gurukula alumni, filed a $400 million lawsuit through the ..."
Radhacaran Das,"https://static.wixstatic.com/media/406c69_1656062defbf46ac86c82d93bd54cd73~mv2.jpg/v1/fill/w_280,h_280,al_c,q_80,usm_0.66_1.00_0.01,enc_avif,quality_auto/43950357_10217323948671396_3289635028190.jpg","Experience: Durga Angan New Town, Kolkata · Education: Moscow State Technical University ""MAMI"" (Institute of Automobile Technology and Management) ... Vice President & Spokesperson @iskconkolkata, Director WB Annamrita, M.Tech, views expressed here r personal, RT&Likes≠endorsement. HINDU ... Iskcon Kolkata vice president Radharamn Das told PTI that the targetted attack on members of the community and members of the Vaishnavite order goes on unabated ..."
Radha Govinda Das,https://schoolofbhakti.com/wp-content/uploads/2020/02/teacher_radhagovinda.jpg,"HH Radha Govind Das Goswami Maharaj is direct disciple of Srila Prabhupada founder acharya of ISKCON, get acces to all his Shrimad Bhagavat katha here. H.H. Radha Govinda das Goswami, is a direct disciple of His Divine Grace A.C. Bhaktivedanta Swami Prabhupada, founder of ISKCON (International Society for ... H.H. Radha Govinda Swami, a direct disciple of His Divine Grace A.C. Bhaktivedanta Swami Prabhupada, founder of ISKCON (International Society for Krishna ..."
Radha Govinda Swami,https://www.lalgovinddas.com/wp-content/uploads/2018/08/Radha_Govinda_Swami_-_016.jpg,"H.H. Radha Govinda Swami, a direct disciple of His Divine Grace A.C. Bhaktivedanta Swami Prabhupada, founder of ISKCON (International Society for Krishna ... HH Radha Govind Das Goswami Maharaj is direct disciple of Srila Prabhupada founder acharya of ISKCON, get acces to all his Shrimad Bhagavat katha here. In remarkable semblance to Jayapataka Swami's recent health crisis, ISKCON guru Radha Govinda Maharaja is currently recovering from a brain hemorrhage in a ..."
Radha Krishna Das,https://i.ytimg.com/vi/UFjuFR5eG-Q/hq720.jpg?sqp=-oaymwEhCK4FEIIDSFryq4qpAxMIARUAAAAAGAElAADIQj0AgKJD&rs=AOn4CLBSz5BWdnA_cTsMa2Wa4d0CtAkrgQ,"Radha Krishna Das is the GBC secretary for Hungary, Romania, Turkey and Cyprus as well as the co-GBC for Greece, North Macedonia and Israel. With deep sadness, ISKCON News reports that pioneering devotee and disciple of Srila Prabhupada, His Grace Caru Dasa, passed away on the morning ... Radha Krishna Dasa was born in 1977 in Pécs, Hungary, and joined ISKCON in 1994. He is a disciple of HH Bhakti Bringa Govinda Swami."
Radhanath Swami,https://iskcongev.com/wp-content/uploads/2022/01/Radhanath-Swami-Closeup.jpg,"He is the inspiration behind ISKCON's free midday meal for 1.2 million school kids across India, and he has been instrumental in founding the Bhaktivedanta ... For over 50 years, Radhanath Swami, a monk in the bhakti tradition, has committed his life to guiding individuals toward deeper purpose and driving social ... Radhanath Swami became a member of the GBC in 1996, and is responsible for the following zones: Villa Vrindavana, Firenze area, Centro Studio Bhaktivedanta, ..."
Rama Govinda Swami,https://i.ytimg.com/vi/VY0Uo5P62VY/hq720.jpg?sqp=-oaymwEXCK4FEIIDSFryq4qpAwkIARUAAIhCGAE=&rs=AOn4CLCO8gZeJ3XgUuP6Qk3hWhNFRnaHjw,"In May 1998, he was appointed as Temple President of ISKCON BOTSWANA and continued in that position till In Feb, 2008 he resigned as Temple President so that he ... His Holiness Rama Govinda Swami is a disciple of His Holiness Lokanath Swami. His Holiness is from Tirupati, South India and is very astute in Vedic literature. Rama Govinda Swami. 2861 likes. I am sannyasi (renounced order of life) in ISKCON Hare Krsnrting a movement. With the blessings of my Sannyasa Guru HH..."
Ravindra Svarupa Das,https://iskconboston.org/sites/default/files/rsprabhu.jpg,"He was initiated by A. C. Bhaktivedanta Swami Prabhupada in 1971. He has been a member of ISKCON's Governing Body Commission since 1987, Chairman of that ... RSDASA is a website dedicated to the writings and teachings of His Grace Ravindra Svarupa Dasa, a disciple of ISKCON's Founder-Acarya His Divine Grace A.C. ... Ravindra Svarupa Dasa received a BA in Philosophy from the University of Pennsylvania in 1966 and a Ph.D. in Religion from Temple University in 1980."
Revati Raman Das,https://i1.sndcdn.com/artworks-000244653216-8jkd09-t500x500.jpg,Revathi Raman Das was born in a Sri Vaishnava family. He studied engineering in Bangalore. He first came in contact with ISKCON in 1988 through Srila ... ISKCON Thane congregation visited Hadapsar Pune for Hare Krishna Utsav Bhagwat katha . #iskcon_world #bhagvatkatha #iskconbhuvaikuntha #pune #pandharpur ...
Romapada Swami,https://upload.wikimedia.org/wikipedia/commons/d/dd/Romapada.JPG,"In 1985, Romapada Swami became an official initiating spiritual teacher within ISKCON. · Romapada Swami's focus is to ensure that everyone has the opportunity to ... Romapada Swami is a Vaishnava sannyasi, initiating guru and is currently on leave as a governing body commissioner of the International Society for Krishna ... His Holiness Romapada Swami is a Vaishnava sannyasi, initiating guru and a governing body commissioner of the International Society for Krishna Consciousness."
Rtadhvaja Swami,https://i1.sndcdn.com/artworks-000674846251-mn1qqe-t500x500.jpg,"HH Rtadhvaja Swami · Sunday Feast Lecture · Appearance of Lord Gauranga – Sunday Feast Lecture · BG 3.27-28 – Sunday feast lecture · SB 10.27.20 · Temple2018-12 ... HH Rtadhvaja Swami kirtan. Iskcon of Houston ; Bhagavad Gita class by Rtadhvaja Swami. Rupa and Gopi Gita ; Rathayatra 2010 - Giriraj Swami & Rtadhvaja Swami - ... Sunday Feast | HH Rtadhvaja Swami Maharaj | August 3rd, 2025. ISKCON Dallas - Sri Radha Kalachandji · 12 views ; Sunday Fest Class | Vijay Das | ..."
Sacinandana Swami,https://upload.wikimedia.org/wikipedia/commons/5/5b/Sacinandana_Swami_at_Santiago_de_Compostela.JPG,"Our whole life becomes one big spiritual adventure when we look beyond the veil of illusion. Follow Sacinandana Swami on his tours and travels and be inspired ... Sacinandana Swami is well known throughout ISKCON for his kirtana and public speaking. ... In terms of educational development within ISKCON, Sacinandana Swami ... • Spiritual teacher | author | monk • Tips and Teachings on Japa, Kirtan, and Meditation for modern practitioners of Bhakti • Only official account."
Samik Rsi Das,https://i.ytimg.com/vi/4Rvr9D65nHY/maxresdefault.jpg,"Samik Rsi Das ... Samik Rsi Prabhu, also known as Dr. Shyam Sundar Mahajan, has dedicated his life to service—both as a medical doctor and as a devoted disciple ... Samik Rsi Dāsa is disciple of HDG A.C. Bhaktivedanta Swami Prabhupada and is also an initiating guru in ISKCON. Samika Rsi is the second eldest of six brothers and three sisters. He was born in Nagziri, India, a town of eight thousand, where as a young man he assisted ..."
Sankarsana Das,"https://static.wixstatic.com/media/56de2b_623a5d85a908407d9dc1c09fc6dc1911~mv2.jpg/v1/fill/w_320,h_373,al_c,q_80,usm_0.66_1.00_0.01,enc_avif,quality_auto/56de2b_623a5d85a908407d9dc1c09fc6dc1911~mv2.jpg","I am a practitioner and teacher of the science of Bhakti Yoga for 51 years. I am initiated disciple of His Divine Grace AC Bhaktivedanta Swami Prabhupada. Now you can enjoy the thrilling story of how I came to Krishna consciousness in The Divine Love Memoir. It is available at www.blesswithbliss.com ...more 7 November 1947--Born in St. Louis, Missouri, USA on the tenth day of Kartik.# Before joining ISKCON was a counter-cultural song-writer"
Satyadeva Das,https://i.ytimg.com/vi/icKcTRDNyP4/maxresdefault.jpg,"Satananda dasa, (James Wright) an initiated disciple of Srila Prabhupada, who had been suffering from Alzheimer's, passed away peacefully on March 26th, 2015. Founder-Acharya of the International Society for Krishna Consciousness (ISKCON). Bhaktivedanta Manor Lawn. Bhaktivedanta Manor. Dharam Marg Sarva Satya Dasa, a disciple of Srila Prabhupada, lived in Alachua for many years where he published monthly newspapers for ISKCON, like the ..."
Sikhi Mahiti Das,https://i.ytimg.com/vi/_I6LaH9Igbc/hq720.jpg?sqp=-oaymwEhCK4FEIIDSFryq4qpAxMIARUAAAAAGAElAADIQj0AgKJD&rs=AOn4CLAmwKAsnzwpzR-r8VGSnfcl2F7RxA,"Sikhi Mahiti das. @sikhimahiti. 13.3K subscribers•39 videos. More about this channel ...more ... ISKCON Philly Bhumi Puja 2015. Sikhi Mahiti das · Playlist. Shikhi Mahiti was an Orissan, considered to be one of Mahaprabhu's most intimate associates and one of His personal branches, who lived in Purushottam Kshetra. Sikhi Mahiti Das. 6295 likes · 1 talking about this. Digital creator. ... Here are some memories of HG Pankajangari prabhu's visit to ISKCON Atlanta in 2009 ..."
Sivarama Swami,https://lookaside.fbsbx.com/lookaside/crawler/media/?media_id=100044327684632,"Sivarama Swami is an internationally acknowledged religious leader, theologian, author of 23 books and dozens of articles, and an environmental and human ... Sivarama Swami was born in Budapest, Hungary in 1949. In 1956, during the failed Hungarian revolution, he emigrated with his family to Canada. Sivarama Swami. 376789 likes · 125 talking about this. Sivarama Swami is a monk, author and bhakti yogi."
Smita Krsna Swami,https://mcpa.iskcon.org/wp-content/uploads/2019/08/Board2.jpg,"HH Smita Krishna Swami was born in Sweden in 1952. He joined ISKCON in 1970 in Hamburg, Germany and recieved spiritual initiation from His Divine Grace AC ... His Holiness Smita Krishna Swami was born in Sweden in 1952. He joined ISKCON in 1970 in Hamburg, Germany and took initiation from Srila ... H H Smita Krishna Swami was born in Sweden in 1952. He joined ISKCON in 1970 in Hamburg, Germany and recieved spiritual initiation from His Divine Grace AC ..."
Sridhama Das,https://www.iskconbangalore.org/wp-content/uploads/2020/01/sridham-krishna-dasa-260x260.jpg,"Contact Us. ISKCON Sri Radha Krishna Temple Hare Krishna Hill, Chord Road, Rajajinagar, Bengaluru 560010, Karnataka, India. Phone: 08023471956. Email: connect@ ... Sri Sridham Krishna Dasa explains the Varnashrama system and whether one should stay with one's family for one's whole life or not. Sri Sridham Krishna Dasa, Vice President of ISKCON Bangalore, led the Harinama Sankirtan as part of the ongoing World Holy Name Festival at ISKCON Hare Krishna ..."
Srivas Das,https://mayapurinstitute.org/public/teacherimages/DSCF3105.jpg,"Śrīvās Das joined ISKCON in Africa in 1981 and got initiated in 1983. For the next several years he served as Temple President in different temples of ... His Grace Srivasa Pandit Das, departed at 3:49 in the early morning of March 13, 2022, in the holy land of Vrindavan with devotees performing ... Nand Kumar Das. Contact: 859-630-2221. Bhavgrahi Govind Das. Contact: 859-816-2244. Pandit Srivas Das. Contact: 513-609-8977. Center Council. Vijay Govind Das ( ..."
Subhaga Swami,https://iskconboston.org/sites/default/files/people_photo/SubhagSwami-sq.jpg,"His Holiness Subhag Swami was born in Kolkata, Srila Prabhupada's home town. He spent most of his early life in Kolkata and completed his college from Calcutta ... His Holiness Subhag Swami doing aarti of Their Lordships#iskcon #srilaprabhupada #deityworship #love. 4.9K views · His Holiness Subhag Swami serving Kṛṣṇa's ... HH Subhag Swami. His Holiness Subhag Swami Maharaj was born on December 21, 1940, in Kolkata, West Bengal, India, which is also Srila Prabhupada's hometown."
Sundarananda Das,https://www.krishnatemple.com/wp-content/uploads/2022/09/Mentor-Sundarananda.jpg,"HG Sundarananda Das. ISKCON Silicon Valley. Playlist•21 videos•69 views. Play all · 1:45:22. Spiritual sound vibration by HG Sundarananda Das, 08-04-19. Mentor details ; Likes: 5 ; Ashram. Grihasta ; Name of Spouse. Kirtiradhika Devi Dasi ; Residence. Watford ; In ISKCON since. 2006. Your humble servant, Sundarananda Das Vice President, ISKCON Hawaii. Photo by Sundarananda Das on March 11, 2026. May be an image of poster. “O my Prabhu ..."
Sukadeva Swami,https://audio.iskcondesiretree.com/02_-_ISKCON_Swamis/ISKCON_Swamis_-_R_to_Y/His_Holiness_Sukadeva_Swami/_folderOpenImage.jpg,"... Sukadeva Swami has approached the South Indian Divisional Council for approval as an ISKCON initiating guru. He is originally from Andhra Pradesh, joined in ... His Holiness Dr. Sukadeva Swami was born in Vijayawada, Andhra Pradesh. He did his medical graduation from Sri Venkateswara University, Tirupathi in 1979. Sukadeva was known then as one of the best kirtan leaders in iskcon and his kirtan tapes were sought after. Anyone would become enlivened just ..."
Umapati Das,https://lookaside.fbsbx.com/lookaside/crawler/media/?media_id=1466357376856749,"As Umapati Dasa is no longer an ISKCON spiritual authority or member, devotees of ISKCON should not promote Umapati Dasa as representing ISKCON ... “Umapati Dasa himself may visit ISKCON centers, but only with the prior permission of both the Temple President and GBC representative.” (GBC Statement on ... After a separation of thirty five years, Umapati Maharaja (at that time ISKCON initiating guru) and Syamarani dasi met in the ISKCON temple in Nanning, China, ..."
Vaisesika Das,https://iskconboston.org/sites/default/files/people_photo/vaisesika1.jpg,"Discover what inspired Vaisesika Dasa's spiritual journey as he recounts the pivotal moments that shaped his passion for sharing Bhakti Yoga with the world. Veteran monk, Author, and. Spiritual Guide · Vision becomes real when it becomes visible. · Vague ambition creates vague results. · Asking oneself ""What is my ... Vaisesika Prabhu is the president of the temple ISKCON Silicon Valley and has implemented many projects there. Website - http://www.fanthespark.com/."
Varsana Swami,https://iskconnews.org/media/images/2020/10-Oct/varsana.png,"Welcome. With her every breath, our Mother Earth beckons us “listen, awaken, experience, and behold the magnificence of our Lord's creation”. Varsana Swami was born in 1950 in Morristown, New Jersey. ... Varsana Swami is also a strong advocate and dedicated supporter of the farm movement within ISKCON. On October 9, 1966, Srila Prabhupada walked eight blocks from his first ISKCON temple at 26 Second Avenue to Tompkins Square Park in New York ..."
Vatsala Das,https://i.ytimg.com/vi/IuKo0JzJRRg/hqdefault.jpg?v=5e1d32da,"Vatsala: My friend Vatsara, he came to visit me in San Francisco, and we started going to different spiritual communities. By this time, I had ... Vatsala Das was initiated by Srila Prabhupada in 1973 along with his wife, Sasikala Devi Dasi, and he is a GBC-appointed initiating guru. He has been a key figure in ISKCON since 1970. He served as temple president in Michigan and San Diego and has been on ISKCON's international governing body ..."
Vasu Srestha Das,https://i.ytimg.com/vi/LUGUXUd43QI/hq720.jpg?sqp=-oaymwEhCK4FEIIDSFryq4qpAxMIARUAAAAAGAElAADIQj0AgKJD&rs=AOn4CLAdkyZ-X_NH_SntbGof3X3ffJi9lw,"These classes being uploaded from March/April are a backlog. The NG YouTube channel team will start uploading just the class portion of the ... Srimad Bhagavatam/Caitanya Caritamrita class at ISKCON New Govardhana Temple. krishnafarm.net. Vasu Srestha Das Vasu Srestha Das, disciple of Jayapataka Swami, has completed the procedure for commencing the service of diksa-guru in ISKCON."
Vedavyasapriya Swami,https://i0.wp.com/www.vvpswami.com/wp-content/uploads/2024/09/image-1846.png?fit=800%2C800&ssl=1,"His Holiness Vedavyasapriya Swami Maharaja has dedicated his life to spreading the teachings of Krishna Consciousness. Through this app, we bring his wisdom, ... Vedavyasapriya Swami has been serving Srila Prabhupada and his movement as a Spiritual Authority in the form of an Initiating Spiritual Master. Vedavyasapriya Swami Maharaja has been based in Vrindavan, India. He has held various administrative positions while continuing to preach and spread the ..."
Virabahu Das,https://gbc.iskcon.org/wp-content/uploads/2011/12/virabahu-das.jpg,"Virabahu Dasa has been an initiating guru since 1985, administering to the spiritual needs of devotees in many parts of the world, but especially in Central ... His Grace Virabahu Dasa has been an initiating guru of International Society of Krishna Consciousness since 1985, administering to the spiritual needs of ... GBC-elected initiating guru Virabahu Dasa (henceforward “VD”), has produced a book (revised 2012) titled The Guru and what Prabhupada Said (henceforward “GPS”)."
Yadunandana Swami,https://upload.wikimedia.org/wikipedia/commons/d/d0/Satsvarupa-das-goswami-yadunandana-swami.jpg,"Yadunandana Swami, Principal of Bhaktivedanta College, is the first Spanish second generation sannyasi of ISKCON. He was approved by ISKCON's GBC body, ... Yadunandana Swami has been studying and practicing Caitanya Vaishnavism since 1977. Presently, his main services in ISKCON are focused on systematic God- ... Yadunandana Swami is originally from Spain. He has been described as one of the best scholars in the field of ISKCON Studies. He was the first ..."
Yamunacarya Das Goswami,https://i.scdn.co/image/ab6765630000ba8aedf881f8435824462649f528,"Yamunacarya Das Goswami. Bhakti Yoga, Sannyasi ISKCON, Secretaria de Desenvolvimento Congregacional, Prof. Instituto Jaladuta. Playlists de aulas no Youtube. Yamunacharya is the grand -Acharya (Pracharya ) of Ramanujacharya (1017 AD to 1137 AD). He established the principles of Visisht Adhvaita as an expansion of ... Around 200 devotees attended a memorial service for Yamuna Devi, an ISKCON pioneer, award-winning chef and much loved friend and guide, in Alachua, Florida."